image_path,umap_x,umap_y,cluster
../data_3\102018665_NEG570040238507752998_102018665_NEG570040238507752998_sw_mtf_vis_only.jpg,-2.4145706,-4.884472,1
../data_3\102018665_NEG576731213511114485_102018665_NEG576731213511114485_sw_mtf_vis_only.jpg,-2.6344385,-2.2731676,0
../data_3\102018666_NEG579859279508531437_102018666_NEG579859279508531437_sw_mtf_vis_only.jpg,-0.5111281,-1.5296415,1
../data_3\102018667_NEG587746535508057234_102018667_NEG587746535508057234_sw_mtf_vis_only.jpg,-2.8732903,-3.3821805,1
../data_3\102018668_NEG595646727509469177_102018668_NEG595646727509469177_sw_mtf_vis_only.jpg,-2.3019989,-4.2865114,1
../data_3\102019123_NEG564667438505382529_102019123_NEG564667438505382529_sw_mtf_vis_only.jpg,-0.2831062,-0.07469769,1
../data_3\102019123_NEG567245233502945885_102019123_NEG567245233502945885_sw_mtf_vis_only.jpg,-0.43597192,-4.8950086,1
../data_3\102019125_NEG586359480506090347_102019125_NEG586359480506090347_sw_mtf_vis_only.jpg,-0.735406,-4.955345,1
../data_3\102019126_NEG589666030505609975_102019126_NEG589666030505609975_sw_mtf_vis_only.jpg,-0.7618162,-1.9734738,1
../data_3\102019127_NEG596525941504553950_102019127_NEG596525941504553950_sw_mtf_vis_only.jpg,-1.5546808,-4.21119,1
../data_3\102019127_NEG598523367504401932_102019127_NEG598523367504401932_sw_mtf_vis_only.jpg,-0.81272805,-4.787192,1
../data_3\102019128_NEG607555025503027911_102019128_NEG607555025503027911_sw_mtf_vis_only.jpg,-0.8450753,-0.9800874,1
../data_3\102019128_NEG608928997504779012_102019128_NEG608928997504779012_sw_mtf_vis_only.jpg,-0.9486114,-2.7131488,1
../data_3\102019129_NEG617672661504204895_102019129_NEG617672661504204895_sw_mtf_vis_only.jpg,-1.3623953,-2.2709215,1
../data_3\102019131_NEG626148898503257561_102019131_NEG626148898503257561_sw_mtf_vis_only.jpg,-0.5396654,-4.728475,1
../data_3\102019586_NEG564463213499964061_102019586_NEG564463213499964061_sw_mtf_vis_only.jpg,-0.1395383,-1.6316534,1
../data_3\102019588_NEG576940500501085311_102019588_NEG576940500501085311_sw_mtf_vis_only.jpg,0.17403634,-2.8086424,1
../data_3\102019588_NEG579781735502176069_102019588_NEG579781735502176069_sw_mtf_vis_only.jpg,-2.2605076,-4.8713136,1
../data_3\102019588_NEG581189290502362418_102019588_NEG581189290502362418_sw_mtf_vis_only.jpg,-2.5536933,-4.092803,1
../data_3\102019591_NEG601417531499600002_102019591_NEG601417531499600002_sw_mtf_vis_only.jpg,-0.58976144,-1.1903456,1
../data_3\102019592_NEG606434619500983922_102019592_NEG606434619500983922_sw_mtf_vis_only.jpg,-0.69320357,-3.966575,1
../data_3\102019593_NEG612269334502356628_102019593_NEG612269334502356628_sw_mtf_vis_only.jpg,-0.43977812,-0.16564551,1
../data_3\102019594_NEG620978815501656388_102019594_NEG620978815501656388_sw_mtf_vis_only.jpg,-2.4056387,-4.553354,1
../data_3\102019595_NEG630246532498667881_102019595_NEG630246532498667881_sw_mtf_vis_only.jpg,-1.0672554,-3.0941665,0
../data_3\102020054_NEG556215936492901652_102020054_NEG556215936492901652_sw_mtf_vis_only.jpg,-1.5744889,-4.4812636,1
../data_3\102020055_NEG563894315496088157_102020055_NEG563894315496088157_sw_mtf_vis_only.jpg,-2.8978064,-5.0143204,1
../data_3\102020055_NEG564676209494509344_102020055_NEG564676209494509344_sw_mtf_vis_only.jpg,-0.48179886,-0.54281175,1
../data_3\102020056_NEG568919155497446978_102020056_NEG568919155497446978_sw_mtf_vis_only.jpg,-0.99899805,-4.6232715,1
../data_3\102020056_NEG569381219495998178_102020056_NEG569381219495998178_sw_mtf_vis_only.jpg,-2.1079133,-3.934367,1
../data_3\102020056_NEG571928631495947554_102020056_NEG571928631495947554_sw_mtf_vis_only.jpg,-0.21151532,-4.4842596,1
../data_3\102020056_NEG573379534495223440_102020056_NEG573379534495223440_sw_mtf_vis_only.jpg,-0.50867164,-5.132147,1
../data_3\102020059_NEG590814898493650143_102020059_NEG590814898493650143_sw_mtf_vis_only.jpg,-0.2033997,-5.0732183,1
../data_3\102020059_NEG591341887496138046_102020059_NEG591341887496138046_sw_mtf_vis_only.jpg,-1.97638,-4.3742504,1
../data_3\102020059_NEG595972740496354540_102020059_NEG595972740496354540_sw_mtf_vis_only.jpg,-0.81056273,-2.435602,1
../data_3\102020060_NEG598920538496078263_102020060_NEG598920538496078263_sw_mtf_vis_only.jpg,-0.28137416,-4.239416,1
../data_3\102020060_NEG604835509496532268_102020060_NEG604835509496532268_sw_mtf_vis_only.jpg,-3.6422455,-3.6574416,1
../data_3\102020061_NEG607087127495633316_102020061_NEG607087127495633316_sw_mtf_vis_only.jpg,-0.77863216,-0.99326277,1
../data_3\102020061_NEG608203827493491303_102020061_NEG608203827493491303_sw_mtf_vis_only.jpg,-3.3001206,-3.7568932,1
../data_3\102020061_NEG612388468493726389_102020061_NEG612388468493726389_sw_mtf_vis_only.jpg,-3.5186105,-3.7436066,0
../data_3\102020062_NEG617330086494647877_102020062_NEG617330086494647877_sw_mtf_vis_only.jpg,-0.015107986,-0.39013785,1
../data_3\102020063_NEG625857431494380658_102020063_NEG625857431494380658_sw_mtf_vis_only.jpg,-2.7905061,-2.8496897,1
../data_3\102020063_NEG626156743494681651_102020063_NEG626156743494681651_sw_mtf_vis_only.jpg,-1.1075672,-0.4392691,1
../data_3\102020064_NEG630441470494718517_102020064_NEG630441470494718517_sw_mtf_vis_only.jpg,-1.1497151,-4.4181156,1
../data_3\102020064_NEG635872258496841682_102020064_NEG635872258496841682_sw_mtf_vis_only.jpg,-2.283012,-1.9190543,1
../data_3\102020065_NEG639706305497277844_102020065_NEG639706305497277844_sw_mtf_vis_only.jpg,-0.7227555,-4.281819,1
../data_3\102020066_NEG645419324493086283_102020066_NEG645419324493086283_sw_mtf_vis_only.jpg,-0.11587375,-1.513805,1
../data_3\102020528_NEG554976975487853956_102020528_NEG554976975487853956_sw_mtf_vis_only.jpg,-0.17287254,-1.4209288,1
../data_3\102020528_NEG557594873487530963_102020528_NEG557594873487530963_sw_mtf_vis_only.jpg,0.3888843,-1.6540103,1
../data_3\102020528_NEG557780503491374019_102020528_NEG557780503491374019_sw_mtf_vis_only.jpg,-1.3218845,-3.6690874,1
../data_3\102020529_NEG564427129491602014_102020529_NEG564427129491602014_sw_mtf_vis_only.jpg,-1.787039,-4.41875,1
../data_3\102020530_NEG572303674490459976_102020530_NEG572303674490459976_sw_mtf_vis_only.jpg,-0.05271445,-3.7454789,1
../data_3\102020530_NEG572378924491097026_102020530_NEG572378924491097026_sw_mtf_vis_only.jpg,-1.0722897,-0.29575762,1
../data_3\102020532_NEG584961967491933103_102020532_NEG584961967491933103_sw_mtf_vis_only.jpg,-2.7066364,-4.034742,1
../data_3\102020532_NEG589257492489565961_102020532_NEG589257492489565961_sw_mtf_vis_only.jpg,-0.28274873,-0.3782549,1
../data_3\102020532_NEG591117402487550021_102020532_NEG591117402487550021_sw_mtf_vis_only.jpg,-2.3893557,-1.8491086,1
../data_3\102020532_NEG592320863488461402_102020532_NEG592320863488461402_sw_mtf_vis_only.jpg,-2.9403234,-5.0453024,0
../data_3\102020533_NEG596261344490617547_102020533_NEG596261344490617547_sw_mtf_vis_only.jpg,-2.2132297,-4.202512,1
../data_3\102020534_NEG600985388487893328_102020534_NEG600985388487893328_sw_mtf_vis_only.jpg,-1.1121868,-4.1555085,1
../data_3\102020534_NEG604836154490669092_102020534_NEG604836154490669092_sw_mtf_vis_only.jpg,-0.71262103,-4.523572,1
../data_3\102020534_NEG604929086489066527_102020534_NEG604929086489066527_sw_mtf_vis_only.jpg,-0.43109983,-0.74955124,1
../data_3\102020535_NEG608150353491434608_102020535_NEG608150353491434608_sw_mtf_vis_only.jpg,-1.5733231,-2.6371808,1
../data_3\102020536_NEG621645331488224037_102020536_NEG621645331488224037_sw_mtf_vis_only.jpg,-1.0595483,-4.447073,1
../data_3\102020538_NEG631689440492354239_102020538_NEG631689440492354239_sw_mtf_vis_only.jpg,-3.6679094,-3.815601,0
../data_3\102020538_NEG637045736489835935_102020538_NEG637045736489835935_sw_mtf_vis_only.jpg,-1.5137889,-5.1429296,1
../data_3\102020539_NEG639239120489296299_102020539_NEG639239120489296299_sw_mtf_vis_only.jpg,0.06752984,-1.2731267,1
../data_3\102020539_NEG640534948489252606_102020539_NEG640534948489252606_sw_mtf_vis_only.jpg,-0.7830115,-4.748299,1
../data_3\102020539_NEG641383802490968352_102020539_NEG641383802490968352_sw_mtf_vis_only.jpg,-3.362575,-3.0630682,1
../data_3\102021006_NEG554672577486973111_102021006_NEG554672577486973111_sw_mtf_vis_only.jpg,-2.0820017,-4.8390317,1
../data_3\102021008_NEG569571426487440793_102021008_NEG569571426487440793_sw_mtf_vis_only.jpg,-0.8985983,-1.0252578,1
../data_3\102021009_NEG577024787484062221_102021009_NEG577024787484062221_sw_mtf_vis_only.jpg,-0.8330826,-1.830357,1
../data_3\102021010_NEG581199679484613010_102021010_NEG581199679484613010_sw_mtf_vis_only.jpg,-1.8418674,-3.4488533,1
../data_3\102021012_NEG594963796484947260_102021012_NEG594963796484947260_sw_mtf_vis_only.jpg,0.27350447,-3.2928822,1
../data_3\102021013_NEG602940269483238112_102021013_NEG602940269483238112_sw_mtf_vis_only.jpg,-0.53015465,-1.6901278,1
../data_3\102021013_NEG606090281487314103_102021013_NEG606090281487314103_sw_mtf_vis_only.jpg,-1.0850911,-1.0793027,1
../data_3\102021014_NEG610047486487275523_102021014_NEG610047486487275523_sw_mtf_vis_only.jpg,-0.5223596,-0.12767524,1
../data_3\102021014_NEG612545150486042170_102021014_NEG612545150486042170_sw_mtf_vis_only.jpg,-2.741658,-3.2356474,1
../data_3\102021014_NEG614981615482506340_102021014_NEG614981615482506340_sw_mtf_vis_only.jpg,-2.2159972,-4.6833143,1
../data_3\102021014_NEG616133820483754774_102021014_NEG616133820483754774_sw_mtf_vis_only.jpg,-0.08662702,-3.2373168,1
../data_3\102021016_NEG627891706482718950_102021016_NEG627891706482718950_sw_mtf_vis_only.jpg,-0.50632125,-4.077494,1
../data_3\102021016_NEG629685198482852633_102021016_NEG629685198482852633_sw_mtf_vis_only.jpg,-0.5055974,-2.7806885,1
../data_3\102021017_NEG633207820486535571_102021017_NEG633207820486535571_sw_mtf_vis_only.jpg,-2.240296,-1.7415912,0
../data_3\102021017_NEG634146279486865014_102021017_NEG634146279486865014_sw_mtf_vis_only.jpg,-3.4678047,-3.9339411,1
../data_3\102021017_NEG637928660482715254_102021017_NEG637928660482715254_sw_mtf_vis_only.jpg,-0.47943467,-3.2805316,0
../data_3\102021018_NEG640120110483854165_102021018_NEG640120110483854165_sw_mtf_vis_only.jpg,-1.1349852,-4.894044,1
../data_3\102021019_NEG651956451483599583_102021019_NEG651956451483599583_sw_mtf_vis_only.jpg,-1.1656101,-5.074056,1
../data_3\102021020_NEG656951229482999258_102021020_NEG656951229482999258_sw_mtf_vis_only.jpg,-2.9935815,-3.960311,1
../data_3\102021492_NEG579460447477747720_102021492_NEG579460447477747720_sw_mtf_vis_only.jpg,-0.016085593,-0.6022971,1
../data_3\102021492_NEG580553783482399812_102021492_NEG580553783482399812_sw_mtf_vis_only.jpg,-1.9593911,-3.320657,1
../data_3\102021493_NEG583380599480841946_102021493_NEG583380599480841946_sw_mtf_vis_only.jpg,-1.2802495,-1.015521,1
../data_3\102021493_NEG584317889477816598_102021493_NEG584317889477816598_sw_mtf_vis_only.jpg,-3.429135,-3.1392777,0
../data_3\102021493_NEG586398445479765591_102021493_NEG586398445479765591_sw_mtf_vis_only.jpg,-3.8130934,-3.6035125,0
../data_3\102021493_NEG587807121477852004_102021493_NEG587807121477852004_sw_mtf_vis_only.jpg,-1.2648097,-3.2827432,1
../data_3\102021496_NEG603335199478099381_102021496_NEG603335199478099381_sw_mtf_vis_only.jpg,-2.2264583,-2.4940734,1
../data_3\102021497_NEG611694459481354870_102021497_NEG611694459481354870_sw_mtf_vis_only.jpg,-1.0385213,-0.52549607,1
../data_3\102021497_NEG615658160478755691_102021497_NEG615658160478755691_sw_mtf_vis_only.jpg,-3.6550534,-3.2625818,0
../data_3\102021498_NEG620710751479897662_102021498_NEG620710751479897662_sw_mtf_vis_only.jpg,-1.2998886,-1.6223522,1
../data_3\102021499_NEG628042951482285714_102021499_NEG628042951482285714_sw_mtf_vis_only.jpg,-2.02504,-1.2479782,1
../data_3\102021499_NEG630283151478334717_102021499_NEG630283151478334717_sw_mtf_vis_only.jpg,-1.7288536,-5.194265,1
../data_3\102021499_NEG631323422479949628_102021499_NEG631323422479949628_sw_mtf_vis_only.jpg,-2.7166495,-5.0670023,1
../data_3\102021500_NEG636294430480333264_102021500_NEG636294430480333264_sw_mtf_vis_only.jpg,0.0006232302,-1.1912235,1
../data_3\102021500_NEG636868197478599642_102021500_NEG636868197478599642_sw_mtf_vis_only.jpg,-2.4569786,-2.3331296,1
../data_3\102021501_NEG641175215482169059_102021501_NEG641175215482169059_sw_mtf_vis_only.jpg,-2.2843988,-4.3385425,1
../data_3\102021501_NEG642870048480955813_102021501_NEG642870048480955813_sw_mtf_vis_only.jpg,-0.33272085,-3.922305,1
../data_3\102021503_NEG655073934479995542_102021503_NEG655073934479995542_sw_mtf_vis_only.jpg,-0.28667518,-0.9176868,1
../data_3\102021504_NEG663164014479278882_102021504_NEG663164014479278882_sw_mtf_vis_only.jpg,-2.141932,-4.9896364,1
../data_3\102021504_NEG664270221479670737_102021504_NEG664270221479670737_sw_mtf_vis_only.jpg,-2.7754886,-5.020545,1
../data_3\102021504_NEG666846889481107505_102021504_NEG666846889481107505_sw_mtf_vis_only.jpg,-2.0074244,-4.7020073,1
../data_3\102021504_NEG669028748480810029_102021504_NEG669028748480810029_sw_mtf_vis_only.jpg,-0.7673911,-3.820875,1
../data_3\102021978_NEG565786336477092595_102021978_NEG565786336477092595_sw_mtf_vis_only.jpg,-1.8935716,-5.3070235,1
../data_3\102021980_NEG576667803474825283_102021980_NEG576667803474825283_sw_mtf_vis_only.jpg,-0.49153244,0.016796688,1
../data_3\102021980_NEG577646036477033395_102021980_NEG577646036477033395_sw_mtf_vis_only.jpg,-1.4834781,-0.6176564,1
../data_3\102021981_NEG583343318473770500_102021981_NEG583343318473770500_sw_mtf_vis_only.jpg,-0.9382221,-2.5174968,1
../data_3\102021981_NEG586493481476452509_102021981_NEG586493481476452509_sw_mtf_vis_only.jpg,-2.9943013,-4.1469226,1
../data_3\102021982_NEG593574657477168830_102021982_NEG593574657477168830_sw_mtf_vis_only.jpg,-1.9730601,-2.909931,1
../data_3\102021982_NEG594322234473727139_102021982_NEG594322234473727139_sw_mtf_vis_only.jpg,-2.606193,-4.670918,1
../data_3\102021982_NEG594333174476368664_102021982_NEG594333174476368664_sw_mtf_vis_only.jpg,-0.46518615,-3.5534382,1
../data_3\102021984_NEG605671540476154903_102021984_NEG605671540476154903_sw_mtf_vis_only.jpg,-1.7308977,-1.4522917,1
../data_3\102021984_NEG609678648473892045_102021984_NEG609678648473892045_sw_mtf_vis_only.jpg,-0.9476459,-3.111183,1
../data_3\102021984_NEG610367881474644147_102021984_NEG610367881474644147_sw_mtf_vis_only.jpg,-1.7497864,-1.7915052,1
../data_3\102021985_NEG615462575476067577_102021985_NEG615462575476067577_sw_mtf_vis_only.jpg,-1.8742319,-2.3921213,1
../data_3\102021985_NEG616063813472801324_102021985_NEG616063813472801324_sw_mtf_vis_only.jpg,-1.9529738,-2.5305479,1
../data_3\102021986_NEG619535738476339304_102021986_NEG619535738476339304_sw_mtf_vis_only.jpg,-2.2752545,-3.0947313,1
../data_3\102021986_NEG621796804473410288_102021986_NEG621796804473410288_sw_mtf_vis_only.jpg,-1.5133294,-1.0881522,1
../data_3\102021987_NEG632575884473969454_102021987_NEG632575884473969454_sw_mtf_vis_only.jpg,-1.708744,-4.777801,1
../data_3\102021988_NEG636381546474267847_102021988_NEG636381546474267847_sw_mtf_vis_only.jpg,-2.2071192,-3.019729,1
../data_3\102021988_NEG637841878475955814_102021988_NEG637841878475955814_sw_mtf_vis_only.jpg,-0.99560875,-4.6297865,1
../data_3\102021988_NEG640289253474412348_102021988_NEG640289253474412348_sw_mtf_vis_only.jpg,-0.752424,-0.29717982,1
../data_3\102021989_NEG644172618476134973_102021989_NEG644172618476134973_sw_mtf_vis_only.jpg,-1.4773673,-4.7023683,1
../data_3\102021990_NEG651246796473086761_102021990_NEG651246796473086761_sw_mtf_vis_only.jpg,-0.6846867,-0.93596286,1
../data_3\102022474_NEG591186165469192016_102022474_NEG591186165469192016_sw_mtf_vis_only.jpg,-0.3524935,-3.2942708,1
../data_3\102022477_NEG611759342471748630_102022477_NEG611759342471748630_sw_mtf_vis_only.jpg,-1.6180798,-2.8279004,1
../data_3\102022477_NEG612993633468010321_102022477_NEG612993633468010321_sw_mtf_vis_only.jpg,-0.8724957,-5.212669,1
../data_3\102022479_NEG621145334471255869_102022479_NEG621145334471255869_sw_mtf_vis_only.jpg,-1.6825658,-1.333493,1
../data_3\102022479_NEG623150693471748758_102022479_NEG623150693471748758_sw_mtf_vis_only.jpg,-0.97842497,-5.270879,1
../data_3\102022480_NEG630160205470193218_102022480_NEG630160205470193218_sw_mtf_vis_only.jpg,-0.13038737,-1.9251077,1
../data_3\102022481_NEG641874067471349140_102022481_NEG641874067471349140_sw_mtf_vis_only.jpg,-2.6166599,-2.692121,1
../data_3\102022483_NEG653290299470260264_102022483_NEG653290299470260264_sw_mtf_vis_only.jpg,-2.21539,-4.0357647,1
../data_3\102022484_NEG657584203469449092_102022484_NEG657584203469449092_sw_mtf_vis_only.jpg,-0.4655231,-2.2220047,1
../data_3\102022974_NEG610978759464405134_102022974_NEG610978759464405134_sw_mtf_vis_only.jpg,0.26806715,-1.4946581,1
../data_3\102022975_NEG617890913466103850_102022975_NEG617890913466103850_sw_mtf_vis_only.jpg,-1.0421059,-0.88363856,1
../data_3\102022977_NEG631763965463618343_102022977_NEG631763965463618343_sw_mtf_vis_only.jpg,-2.1060362,-3.1949265,1
../data_3\102022978_NEG639856435467273842_102022978_NEG639856435467273842_sw_mtf_vis_only.jpg,-1.4779181,-3.2460272,1
../data_3\102022980_NEG657082285467450951_102022980_NEG657082285467450951_sw_mtf_vis_only.jpg,-0.32986075,-3.2793796,1
../data_3\102022980_NEG657553777465731159_102022980_NEG657553777465731159_sw_mtf_vis_only.jpg,-2.057271,-3.1885338,0
../data_3\102023476_NEG610025395461180513_102023476_NEG610025395461180513_sw_mtf_vis_only.jpg,-2.082311,-4.609064,1
../data_3\102023478_NEG628457640459296313_102023478_NEG628457640459296313_sw_mtf_vis_only.jpg,-0.4109681,-3.6749883,1
../data_3\102023479_NEG631968882458727056_102023479_NEG631968882458727056_sw_mtf_vis_only.jpg,-3.3921487,-3.4811878,0
../data_3\102023479_NEG633382827461467539_102023479_NEG633382827461467539_sw_mtf_vis_only.jpg,-2.8708453,-4.3506584,1
../data_3\102023480_NEG640021734460830824_102023480_NEG640021734460830824_sw_mtf_vis_only.jpg,-1.1042098,-3.9935894,1
../data_3\102023480_NEG640270096460844048_102023480_NEG640270096460844048_sw_mtf_vis_only.jpg,-1.3223358,-1.1747687,1
../data_3\102023480_NEG642201006461096820_102023480_NEG642201006461096820_sw_mtf_vis_only.jpg,-1.2405566,-0.34263405,1
../data_3\102023481_NEG647245161459048846_102023481_NEG647245161459048846_sw_mtf_vis_only.jpg,-2.407483,-4.8235016,1
../data_3\102023482_NEG655179432459165110_102023482_NEG655179432459165110_sw_mtf_vis_only.jpg,-0.8341924,-4.39924,1
../data_3\102023482_NEG657383017460972594_102023482_NEG657383017460972594_sw_mtf_vis_only.jpg,-0.62536174,-4.2331066,1
../data_3\102023984_NEG627804838454213106_102023984_NEG627804838454213106_sw_mtf_vis_only.jpg,-3.048184,-3.0554469,1
../data_3\102023986_NEG643189719456460589_102023986_NEG643189719456460589_sw_mtf_vis_only.jpg,-2.0051212,-2.7264292,1
../data_3\102041656_NEG523359673301396466_102041656_NEG523359673301396466_sw_mtf_vis_only.jpg,-1.6961206,-4.7486506,1
../data_3\102041657_NEG527330118300603942_102041657_NEG527330118300603942_sw_mtf_vis_only.jpg,-1.0846393,-4.824246,1
../data_3\102041657_NEG527925237298894414_102041657_NEG527925237298894414_sw_mtf_vis_only.jpg,-1.8129016,-2.0940807,1
../data_3\102041657_NEG529209996299100136_102041657_NEG529209996299100136_sw_mtf_vis_only.jpg,-0.96091133,-0.12942179,1
../data_3\102042283_NEG518770667295125494_102042283_NEG518770667295125494_sw_mtf_vis_only.jpg,-0.50389,-4.747756,1
../data_3\102042283_NEG520608563295081214_102042283_NEG520608563295081214_sw_mtf_vis_only.jpg,-0.54795283,-5.14064,1
../data_3\102042284_NEG523902104295926900_102042284_NEG523902104295926900_sw_mtf_vis_only.jpg,-0.86160535,-1.0066355,1
../data_3\102042913_NEG515596854290228591_102042913_NEG515596854290228591_sw_mtf_vis_only.jpg,-1.1698054,-0.31699124,1
../data_3\102042913_NEG515847139291141021_102042913_NEG515847139291141021_sw_mtf_vis_only.jpg,-0.74987686,-4.1053414,1
../data_3\102042914_NEG522625262291125533_102042914_NEG522625262291125533_sw_mtf_vis_only.jpg,-2.5668528,-4.456912,1
../data_3\102042914_NEG523479785291521247_102042914_NEG523479785291521247_sw_mtf_vis_only.jpg,-0.605741,-2.127589,1
../data_3\102042915_NEG527574180288799276_102042915_NEG527574180288799276_sw_mtf_vis_only.jpg,-3.1654615,-3.8152626,1
../data_3\102042915_NEG528545016288651034_102042915_NEG528545016288651034_sw_mtf_vis_only.jpg,-0.9695961,-0.6088366,1
../data_3\102042916_NEG533251142291509670_102042916_NEG533251142291509670_sw_mtf_vis_only.jpg,-0.84715873,-5.021315,1
../data_3\102042917_NEG539279061291936993_102042917_NEG539279061291936993_sw_mtf_vis_only.jpg,-2.668383,-1.7247615,0
../data_3\102042917_NEG540132584291926297_102042917_NEG540132584291926297_sw_mtf_vis_only.jpg,-1.5526543,-4.1421285,1
../data_3\102042917_NEG540926519290733004_102042917_NEG540926519290733004_sw_mtf_vis_only.jpg,-1.3320428,-4.9542418,1
../data_3\102042918_NEG544805259289548872_102042918_NEG544805259289548872_sw_mtf_vis_only.jpg,-0.07528351,-1.1627344,1
../data_3\102042919_NEG549525883291619345_102042919_NEG549525883291619345_sw_mtf_vis_only.jpg,-3.6979365,-3.87671,0
../data_3\102042919_NEG550105155291238806_102042919_NEG550105155291238806_sw_mtf_vis_only.jpg,-1.8109175,-2.0468702,1
../data_3\102042919_NEG550683279289700727_102042919_NEG550683279289700727_sw_mtf_vis_only.jpg,-2.9260287,-4.0765,0
../data_3\102043549_NEG530257443283430270_102043549_NEG530257443283430270_sw_mtf_vis_only.jpg,-2.2210662,-3.5221903,0
../data_3\102043551_NEG542774461286906112_102043551_NEG542774461286906112_sw_mtf_vis_only.jpg,0.17406107,-3.1924708,1
../data_3\102043551_NEG544735665285502399_102043551_NEG544735665285502399_sw_mtf_vis_only.jpg,-0.672266,-2.1225317,1
../data_3\102043551_NEG546245791286829440_102043551_NEG546245791286829440_sw_mtf_vis_only.jpg,-0.79372424,-3.4820504,1
../data_3\102043552_NEG548209510282510524_102043552_NEG548209510282510524_sw_mtf_vis_only.jpg,-3.127529,-4.2992873,1
../data_3\102044182_NEG512061540278527911_102044182_NEG512061540278527911_sw_mtf_vis_only.jpg,-0.9151036,-2.689025,1
../data_3\102044182_NEG514435270280350833_102044182_NEG514435270280350833_sw_mtf_vis_only.jpg,-0.5688493,-5.114389,1
../data_3\102044183_NEG515787441281897369_102044183_NEG515787441281897369_sw_mtf_vis_only.jpg,-1.3185402,-5.0479712,1
../data_3\102044185_NEG529514172281460834_102044185_NEG529514172281460834_sw_mtf_vis_only.jpg,-2.69851,-4.366458,1
../data_3\102044186_NEG535621262280129063_102044186_NEG535621262280129063_sw_mtf_vis_only.jpg,-0.32099593,-2.7653987,1
../data_3\102044187_NEG538533000282255459_102044187_NEG538533000282255459_sw_mtf_vis_only.jpg,-1.167143,-2.7703753,1
../data_3\102044187_NEG538575988280255664_102044187_NEG538575988280255664_sw_mtf_vis_only.jpg,-1.5266272,-1.4744477,1
../data_3\102044188_NEG544517310278613198_102044188_NEG544517310278613198_sw_mtf_vis_only.jpg,-0.08692238,-1.1805897,1
../data_3\102044188_NEG548070624278595332_102044188_NEG548070624278595332_sw_mtf_vis_only.jpg,-1.0660539,-5.2057633,1
../data_3\102044821_NEG509449559274572380_102044821_NEG509449559274572380_sw_mtf_vis_only.jpg,-3.6543803,-3.353569,1
../data_3\102044823_NEG519310575275844311_102044823_NEG519310575275844311_sw_mtf_vis_only.jpg,-0.19385947,-0.20630378,1
../data_3\102044823_NEG519633334274259646_102044823_NEG519633334274259646_sw_mtf_vis_only.jpg,-2.806482,-3.668652,1
../data_3\102044824_NEG525230483273308137_102044824_NEG525230483273308137_sw_mtf_vis_only.jpg,-2.4659445,-2.9184337,1
../data_3\102044824_NEG528789191276364582_102044824_NEG528789191276364582_sw_mtf_vis_only.jpg,-0.63046765,-4.130714,1
../data_3\102044825_NEG534081174272937149_102044825_NEG534081174272937149_sw_mtf_vis_only.jpg,-0.5021743,-3.7443905,1
../data_3\102044826_NEG537879168275630474_102044826_NEG537879168275630474_sw_mtf_vis_only.jpg,-1.7179599,-3.6756139,1
../data_3\102044826_NEG537893681272621987_102044826_NEG537893681272621987_sw_mtf_vis_only.jpg,0.07559441,-0.7298521,1
../data_3\102045463_NEG510363299272415391_102045463_NEG510363299272415391_sw_mtf_vis_only.jpg,-2.535706,-3.0322978,1
../data_3\102045464_NEG514418387268262939_102045464_NEG514418387268262939_sw_mtf_vis_only.jpg,-2.4810941,-2.8759058,1
../data_3\102045464_NEG515803462270682480_102045464_NEG515803462270682480_sw_mtf_vis_only.jpg,-1.3727043,-3.681487,1
../data_3\102045467_NEG529760884271850076_102045467_NEG529760884271850076_sw_mtf_vis_only.jpg,-0.19040167,-5.261493,1
../data_3\102045468_NEG534525411271636586_102045468_NEG534525411271636586_sw_mtf_vis_only.jpg,-1.7794124,-5.1510644,0
../data_3\102045468_NEG535850797268396974_102045468_NEG535850797268396974_sw_mtf_vis_only.jpg,-1.2678063,-1.5616169,1
../data_3\102045468_NEG537581789271144818_102045468_NEG537581789271144818_sw_mtf_vis_only.jpg,-0.1838039,-3.1666508,1
../data_3\102045470_NEG546481364271947360_102045470_NEG546481364271947360_sw_mtf_vis_only.jpg,-1.0263292,-2.334578,1
../data_3\102046111_NEG522631915266742195_102046111_NEG522631915266742195_sw_mtf_vis_only.jpg,-2.3508856,-2.2648604,1
../data_3\102046111_NEG524535231263409554_102046111_NEG524535231263409554_sw_mtf_vis_only.jpg,-2.4761436,-3.1507912,1
../data_3\102046111_NEG525674252262710433_102046111_NEG525674252262710433_sw_mtf_vis_only.jpg,-0.7551138,-1.4771369,1
../data_3\102046114_NEG537352034266671160_102046114_NEG537352034266671160_sw_mtf_vis_only.jpg,-0.1840868,0.09744626,1
../data_3\102046759_NEG522096295262136465_102046759_NEG522096295262136465_sw_mtf_vis_only.jpg,-2.869532,-4.472219,1
../data_3\102157629_2659727733636823810_102157629_2659727733636823810_sw_mtf_vis_only.jpg,-2.4843602,-2.2704177,1
../data_3\102157630_2665772836637102014_102157630_2665772836637102014_sw_mtf_vis_only.jpg,0.01540045,-3.724659,1
../data_3\102157952_2658211530641487553_102157952_2658211530641487553_sw_mtf_vis_only.jpg,-1.0716275,-3.4640102,1
../data_3\102157952_2658616879639330994_102157952_2658616879639330994_sw_mtf_vis_only.jpg,-3.920701,-3.621255,3
../data_3\102157953_2668203348640973901_102157953_2668203348640973901_sw_mtf_vis_only.jpg,-0.8383978,-3.7237825,1
../data_3\102157953_2668288172639391107_102157953_2668288172639391107_sw_mtf_vis_only.jpg,-1.7388872,-3.4486437,1
../data_3\102157953_2669397021640472384_102157953_2669397021640472384_sw_mtf_vis_only.jpg,-0.54289144,-1.3732063,1
../data_3\102157953_2670994480641865653_102157953_2670994480641865653_sw_mtf_vis_only.jpg,0.02261724,-0.88789463,1
../data_3\102157954_2677725526640039676_102157954_2677725526640039676_sw_mtf_vis_only.jpg,-0.07685159,-0.37151653,1
../data_3\102157955_2685490710638126805_102157955_2685490710638126805_sw_mtf_vis_only.jpg,-2.866875,-1.7908809,0
../data_3\102157955_2689800257639551890_102157955_2689800257639551890_sw_mtf_vis_only.jpg,-1.1686461,-4.1396375,1
../data_3\102157956_2695046853638479184_102157956_2695046853638479184_sw_mtf_vis_only.jpg,0.116176784,-2.2859142,0
../data_3\102157956_2700546205640397835_102157956_2700546205640397835_sw_mtf_vis_only.jpg,-2.3337653,-2.5579803,1
../data_3\102157957_2711813162637737494_102157957_2711813162637737494_sw_mtf_vis_only.jpg,0.30095202,-0.6815933,1
../data_3\102157958_2719195933641972975_102157958_2719195933641972975_sw_mtf_vis_only.jpg,-3.2294302,-3.3675091,1
../data_3\102157958_2727137773639721420_102157958_2727137773639721420_sw_mtf_vis_only.jpg,-0.9320759,-1.8829061,0
../data_3\102158270_2654337786643538414_102158270_2654337786643538414_sw_mtf_vis_only.jpg,-1.364023,-4.355396,1
../data_3\102158270_2656382386643695481_102158270_2656382386643695481_sw_mtf_vis_only.jpg,-0.9530066,-3.2850113,1
../data_3\102158270_2656815066646473630_102158270_2656815066646473630_sw_mtf_vis_only.jpg,-0.20682324,-1.8312799,1
../data_3\102158270_2662527621645054682_102158270_2662527621645054682_sw_mtf_vis_only.jpg,-0.039097156,-2.076672,2
../data_3\102158271_2672343829643151429_102158271_2672343829643151429_sw_mtf_vis_only.jpg,-0.19047691,-4.934872,0
../data_3\102158272_2678087036644598709_102158272_2678087036644598709_sw_mtf_vis_only.jpg,-1.4225935,-3.77499,1
../data_3\102158272_2683555203642954376_102158272_2683555203642954376_sw_mtf_vis_only.jpg,-0.21712604,-1.2127091,1
../data_3\102158272_2685730342643470690_102158272_2685730342643470690_sw_mtf_vis_only.jpg,0.49166498,-2.420366,1
../data_3\102158273_2697192667642722765_102158273_2697192667642722765_sw_mtf_vis_only.jpg,-1.2659982,-3.8983092,1
../data_3\102158274_2704723597642696271_102158274_2704723597642696271_sw_mtf_vis_only.jpg,-2.121734,-3.9069319,1
../data_3\102158274_2706060111645234144_102158274_2706060111645234144_sw_mtf_vis_only.jpg,-1.3624536,-2.6724985,1
../data_3\102158275_2709777393645726835_102158275_2709777393645726835_sw_mtf_vis_only.jpg,-2.845324,-3.6834667,1
../data_3\102158275_2713231622643632503_102158275_2713231622643632503_sw_mtf_vis_only.jpg,-1.7607476,-1.2881757,1
../data_3\102158276_2727435595645547639_102158276_2727435595645547639_sw_mtf_vis_only.jpg,-0.21259655,0.12175615,1
../data_3\102158276_2727570223645896962_102158276_2727570223645896962_sw_mtf_vis_only.jpg,-0.4705726,-1.2729319,0
../data_3\102158277_2733524648645511387_102158277_2733524648645511387_sw_mtf_vis_only.jpg,-1.2455525,-0.8866734,1
../data_3\102158277_2738945549646397299_102158277_2738945549646397299_sw_mtf_vis_only.jpg,-3.8944926,-3.5615258,0
../data_3\102158582_2655753387652324244_102158582_2655753387652324244_sw_mtf_vis_only.jpg,-0.69044644,-5.3330607,1
../data_3\102158584_2687900321650859511_102158584_2687900321650859511_sw_mtf_vis_only.jpg,-2.935886,-4.460082,1
../data_3\102158584_2688054361648826754_102158584_2688054361648826754_sw_mtf_vis_only.jpg,-1.0023752,-1.5942197,1
../data_3\102158584_2688149271647967093_102158584_2688149271647967093_sw_mtf_vis_only.jpg,-0.3108285,-1.5597314,1
../data_3\102158585_2690666515648268601_102158585_2690666515648268601_sw_mtf_vis_only.jpg,0.30343288,-3.2713118,1
../data_3\102158586_2707908112649845702_102158586_2707908112649845702_sw_mtf_vis_only.jpg,-1.4418669,-5.0368485,1
../data_3\102158586_2710834800648486342_102158586_2710834800648486342_sw_mtf_vis_only.jpg,-2.443527,-5.364511,1
../data_3\102158589_2738592709648339236_102158589_2738592709648339236_sw_mtf_vis_only.jpg,-2.1266375,-1.5377449,0
../data_3\102158589_2744607815651760624_102158589_2744607815651760624_sw_mtf_vis_only.jpg,0.10318351,-4.0578756,1
../data_3\102158590_2749972211650622428_102158590_2749972211650622428_sw_mtf_vis_only.jpg,-2.720384,-3.771291,0
../data_3\102158886_2639435536653600933_102158886_2639435536653600933_sw_mtf_vis_only.jpg,-0.4615537,-0.56077677,1
../data_3\102158886_2641867744653343162_102158886_2641867744653343162_sw_mtf_vis_only.jpg,-0.02768693,-4.274186,1
../data_3\102158887_2646461630654930628_102158887_2646461630654930628_sw_mtf_vis_only.jpg,-0.29227725,-0.58965623,1
../data_3\102158887_2654129070655512593_102158887_2654129070655512593_sw_mtf_vis_only.jpg,-0.41819292,-4.0818405,1
../data_3\102158887_2655306065654633189_102158887_2655306065654633189_sw_mtf_vis_only.jpg,-0.6171751,-5.3031,1
../data_3\102158887_2655528906655835262_102158887_2655528906655835262_sw_mtf_vis_only.jpg,-3.2787266,-4.4372845,1
../data_3\102158888_2657819747657129186_102158888_2657819747657129186_sw_mtf_vis_only.jpg,-0.19097903,0.10651353,1
../data_3\102158888_2659467460657407372_102158888_2659467460657407372_sw_mtf_vis_only.jpg,-0.6786915,-1.3010694,1
../data_3\102158888_2659753895653871052_102158888_2659753895653871052_sw_mtf_vis_only.jpg,-1.9303623,-5.2081547,1
../data_3\102158889_2677624236654538082_102158889_2677624236654538082_sw_mtf_vis_only.jpg,-3.2957203,-4.5216255,1
../data_3\102158890_2680242082656735280_102158890_2680242082656735280_sw_mtf_vis_only.jpg,-0.15262091,-2.2073958,1
../data_3\102158890_2683357136652678772_102158890_2683357136652678772_sw_mtf_vis_only.jpg,-2.2332966,-5.490243,1
../data_3\102158891_2699896914654311553_102158891_2699896914654311553_sw_mtf_vis_only.jpg,-0.1105325,-1.664071,1
../data_3\102158891_2700857611652676803_102158891_2700857611652676803_sw_mtf_vis_only.jpg,-0.218544,-4.5770383,1
../data_3\102158892_2704470582654415692_102158892_2704470582654415692_sw_mtf_vis_only.jpg,0.33288488,-1.3813576,1
../data_3\102158893_2720583810655664894_102158893_2720583810655664894_sw_mtf_vis_only.jpg,-1.1047372,-1.9422257,1
../data_3\102158894_2730612507653143373_102158894_2730612507653143373_sw_mtf_vis_only.jpg,0.14527556,-0.29264364,1
../data_3\102158894_2733212462655784384_102158894_2733212462655784384_sw_mtf_vis_only.jpg,0.217167,-1.1660686,1
../data_3\102158896_2752149841653729649_102158896_2752149841653729649_sw_mtf_vis_only.jpg,-0.8721297,-0.4201797,1
../data_3\102158896_2755778332656876880_102158896_2755778332656876880_sw_mtf_vis_only.jpg,0.00084174355,-4.6564784,1
../data_3\102158896_2759717332653541075_102158896_2759717332653541075_sw_mtf_vis_only.jpg,-2.4917278,-4.1673346,0
../data_3\102158896_2760272555655712464_102158896_2760272555655712464_sw_mtf_vis_only.jpg,-0.5080424,-5.383891,1
../data_3\102159186_2631794504660304436_102159186_2631794504660304436_sw_mtf_vis_only.jpg,-2.1341803,-3.8115118,1
../data_3\102159186_2632387939662408264_102159186_2632387939662408264_sw_mtf_vis_only.jpg,-3.7353585,-3.3115277,1
../data_3\102159189_2663231466659368059_102159189_2663231466659368059_sw_mtf_vis_only.jpg,-2.4182973,-5.373993,1
../data_3\102159189_2667596748662187959_102159189_2667596748662187959_sw_mtf_vis_only.jpg,-2.325884,-4.6816754,1
../data_3\102159189_2669674055661286334_102159189_2669674055661286334_sw_mtf_vis_only.jpg,-0.73823756,-3.5684958,1
../data_3\102159192_2695197869661844158_102159192_2695197869661844158_sw_mtf_vis_only.jpg,-2.0716453,-4.135952,1
../data_3\102159192_2699004780662092340_102159192_2699004780662092340_sw_mtf_vis_only.jpg,-0.42291933,-4.3795953,1
../data_3\102159194_2723464956661228420_102159194_2723464956661228420_sw_mtf_vis_only.jpg,-1.6083581,-4.659785,1
../data_3\102159195_2734094103661424333_102159195_2734094103661424333_sw_mtf_vis_only.jpg,-3.200609,-4.1704335,0
../data_3\102159196_2750719383660442039_102159196_2750719383660442039_sw_mtf_vis_only.jpg,-1.3634545,-4.864633,1
../data_3\102159481_2634849207665073829_102159481_2634849207665073829_sw_mtf_vis_only.jpg,-1.1351954,-3.8033795,1
../data_3\102159481_2635212626663669301_102159481_2635212626663669301_sw_mtf_vis_only.jpg,0.4154728,-3.1017659,1
../data_3\102159482_2642474434666614156_102159482_2642474434666614156_sw_mtf_vis_only.jpg,-0.79519546,-3.619645,1
../data_3\102159483_2659872799666371332_102159483_2659872799666371332_sw_mtf_vis_only.jpg,-0.061620105,-0.4167513,1
../data_3\102159485_2681289316665353959_102159485_2681289316665353959_sw_mtf_vis_only.jpg,-1.1260895,-0.49345067,1
../data_3\102159486_2691200739666476860_102159486_2691200739666476860_sw_mtf_vis_only.jpg,-0.78073406,-3.142358,1
../data_3\102159486_2695397736666928563_102159486_2695397736666928563_sw_mtf_vis_only.jpg,-0.17209561,-0.17234188,1
../data_3\102159487_2702648437664620342_102159487_2702648437664620342_sw_mtf_vis_only.jpg,0.16008724,-2.2677982,1
../data_3\102159488_2715904729665064695_102159488_2715904729665064695_sw_mtf_vis_only.jpg,-0.024282789,-4.3154144,1
../data_3\102159488_2717571775663564534_102159488_2717571775663564534_sw_mtf_vis_only.jpg,-1.954944,-2.7516136,1
../data_3\102159489_2725731664662876609_102159489_2725731664662876609_sw_mtf_vis_only.jpg,-1.7191039,-4.4056654,1
../data_3\102159489_2728201578663264671_102159489_2728201578663264671_sw_mtf_vis_only.jpg,-2.8427048,-4.508468,0
../data_3\102159489_2730705167663624037_102159489_2730705167663624037_sw_mtf_vis_only.jpg,0.47083655,-1.9216402,1
../data_3\102159771_2645005552671976577_102159771_2645005552671976577_sw_mtf_vis_only.jpg,-2.872302,-3.126659,1
../data_3\102159772_2657244795670716163_102159772_2657244795670716163_sw_mtf_vis_only.jpg,0.47885415,-3.4421864,1
../data_3\102159772_2662654897671699728_102159772_2662654897671699728_sw_mtf_vis_only.jpg,-1.2052656,-3.0901737,1
../data_3\102159773_2671366170672094055_102159773_2671366170672094055_sw_mtf_vis_only.jpg,-2.3713021,-3.9430015,1
../data_3\102159773_2677079122669151496_102159773_2677079122669151496_sw_mtf_vis_only.jpg,-3.0855985,-4.751714,1
../data_3\102159776_2707047371671953097_102159776_2707047371671953097_sw_mtf_vis_only.jpg,-2.6522055,-5.0032597,1
../data_3\102159777_2716319161668542331_102159777_2716319161668542331_sw_mtf_vis_only.jpg,-0.1575845,-4.832533,1
../data_3\102159778_2733418388668044661_102159778_2733418388668044661_sw_mtf_vis_only.jpg,-1.2621582,-5.4014964,1
../data_3\102159778_2735946368671378903_102159778_2735946368671378903_sw_mtf_vis_only.jpg,-0.3509896,-1.1805985,1
../data_3\102160055_2646891602674889078_102160055_2646891602674889078_sw_mtf_vis_only.jpg,0.2375088,-3.757447,1
../data_3\102160056_2663488981675470136_102160056_2663488981675470136_sw_mtf_vis_only.jpg,0.31161487,-1.8987831,1
../data_3\102160057_2669613885677463506_102160057_2669613885677463506_sw_mtf_vis_only.jpg,-0.4418214,-3.4308689,1
../data_3\102160058_2684023754674529862_102160058_2684023754674529862_sw_mtf_vis_only.jpg,-0.6526492,-4.3548574,1
../data_3\102160058_2689874038672725438_102160058_2689874038672725438_sw_mtf_vis_only.jpg,-0.8127883,-3.7771332,1
../data_3\102160058_2690177088672937227_102160058_2690177088672937227_sw_mtf_vis_only.jpg,-0.3409577,-5.220137,1
../data_3\102160059_2697821071675011270_102160059_2697821071675011270_sw_mtf_vis_only.jpg,-1.3634105,-5.458335,1
../data_3\102160060_2714236250676150798_102160060_2714236250676150798_sw_mtf_vis_only.jpg,-1.5523541,-2.2864678,1
../data_3\102160334_2661812445678287733_102160334_2661812445678287733_sw_mtf_vis_only.jpg,-1.7733806,-4.000854,1
../data_3\102160334_2665945112680410578_102160334_2665945112680410578_sw_mtf_vis_only.jpg,-2.1101503,-3.2614932,0
../data_3\102160335_2680788986678866937_102160335_2680788986678866937_sw_mtf_vis_only.jpg,-2.935686,-2.8396082,1
../data_3\102160335_2682061397679348286_102160335_2682061397679348286_sw_mtf_vis_only.jpg,-1.8885088,-3.6189601,1
../data_3\102160336_2694549514678142483_102160336_2694549514678142483_sw_mtf_vis_only.jpg,-2.5603774,-3.7470062,1
../data_3\102160336_2695945753681853613_102160336_2695945753681853613_sw_mtf_vis_only.jpg,-3.7183354,-3.9067533,0
../data_3\102160337_2700171490680496942_102160337_2700171490680496942_sw_mtf_vis_only.jpg,-1.2065519,-2.105905,1
../data_3\102160337_2701254133678933511_102160337_2701254133678933511_sw_mtf_vis_only.jpg,-1.1217854,-1.3275801,1
../data_3\102160337_2702871940682411776_102160337_2702871940682411776_sw_mtf_vis_only.jpg,-0.35605994,-4.370474,1
../data_3\102160337_2703837081680486960_102160337_2703837081680486960_sw_mtf_vis_only.jpg,-0.7174582,0.06858531,1
../data_3\102160338_2720592793680584236_102160338_2720592793680584236_sw_mtf_vis_only.jpg,-2.5987985,-4.470331,1
../data_3\102160340_2740784519677600444_102160340_2740784519677600444_sw_mtf_vis_only.jpg,-1.9264754,-5.129048,1
../data_3\102160607_2684058176685650370_102160607_2684058176685650370_sw_mtf_vis_only.jpg,-1.3755649,-4.1223454,1
../data_3\102160607_2685509147685729039_102160607_2685509147685729039_sw_mtf_vis_only.jpg,-0.9605614,-3.5853677,1
../data_3\102160610_2725640304686403990_102160610_2725640304686403990_sw_mtf_vis_only.jpg,-0.8355942,-0.63728577,1
../data_3\102160610_2729256016684457774_102160610_2729256016684457774_sw_mtf_vis_only.jpg,-3.512812,-3.290768,0
../data_3\102160611_2740328687682808789_102160611_2740328687682808789_sw_mtf_vis_only.jpg,-0.2286961,-4.434436,1
../data_3\102160612_2743600657683668805_102160612_2743600657683668805_sw_mtf_vis_only.jpg,-0.56416893,-4.579813,1
